{"cameraMode":{"drawMode":0,"name":"Shaded","section":"Shading Mode"},"sceneLighting":true,"audioPlay":false,"sceneViewState":{"m_AlwaysRefresh":false,"showFog":true,"showSkybox":true,"showFlares":true,"showImageEffects":true,"showParticleSystems":true,"showVisualEffectGraphs":true,"m_FxEnabled":true},"in2DMode":false,"pivot":{"x":17.6299991607666,"y":-1.0815047025680543,"z":21.959999084472658},"rotation":{"x":-0.0006562692578881979,"y":-0.99934983253479,"z":0.027298828586935998,"w":-0.024014072492718698},"size":0.13926641643047334,"orthographic":false}